source,info
Heima Programmer,Python is the best programming language in the world
Chuanzhi Education,Stock code 003032
Heima Programmer,LangChain greatly facilitates the development of large models
Heima Programmer,AI and Python are the next big trend of the coming decade
Chuanzhi Education,Python is very easy to learn
Heima Programmer,Learn Python well and your monthly salary will exceed 10k
Heima Programmer,Hard work brings success; Python helps achieve brilliance
Heima Programmer,Remember to take good rests and play basketball while learning Python
Heima Programmer,What are we having for dinner tomorrow night?
Heima Programmer,How to lose weight quickly?
